"title, company, location, link"
Predictive Modeler,Lancer Insurance Company,Remote,https://www.indeed.com/viewjob?jk=2b333788199fd8ed
Data Associate,EMC Research,Remote,https://www.indeed.com/viewjob?jk=e0a5f454ad35f79d
GIS Specialist,CentralSquare Technologies,Remote,https://www.indeed.com/viewjob?jk=01bbda3ab5c71f65
Online Children's Coding Teacher,Class Over,Remote,https://www.indeed.com/viewjob?jk=7de5d67f128be304
Entry Level Programmer,TEKbasic Technologies,Remote,https://www.indeed.com/viewjob?jk=fea6aea824a3a174
Software Developer – Entry Level,Grant Street Group,Remote,https://www.indeed.com/viewjob?jk=0ca30b5fe5548e93
Python Developer,TELUS International,Pennsylvania,https://www.indeed.com/viewjob?jk=bb50004e4cc4afd2
Baseball Analytics Trainee,Cincinnati Reds,"Cincinnati, OH",https://www.indeed.com/viewjob?jk=39ea3b72dce98df6
Remote Junior Web Developer,Scopic,Remote,https://www.indeed.com/viewjob?jk=0bda2a0e627c8c9a
Software Engineer (Python),Pluralsight,New Hampshire,https://www.indeed.com/viewjob?jk=e0617ed3c9fec9d4
Python Developer,Auduu LLC,Remote,https://www.indeed.com/viewjob?jk=c0cf79c89fcf8044
"Computer Coding Instructor (Python, Web Dev - CSS, HTML, JavaScript)",STEAM Ahead,Remote,https://www.indeed.com/viewjob?jk=9418590e9752337c
VBA & Python Coding,WFA Group Inc,Remote,https://www.indeed.com/viewjob?jk=3d8e9ba5591f80fb
Python Application Developer - Commander Team,Keeper Security,Virginia,https://www.indeed.com/viewjob?jk=d540c95ce1f3d6d2
Python Developer,Mercurius Inc.,Remote,https://www.indeed.com/viewjob?jk=641acd0841616dd2
Entry level Data Analyst/Python,Emonics,"Margate City, NJ",https://www.indeed.com/viewjob?jk=567a6dc7853d3303
Python Online tutor,"Wheat Education, Inc",Remote,https://www.indeed.com/viewjob?jk=f13e4b0b61db3c98
Machine Learning Engineer (Junior),Nexient,United States,https://www.indeed.com/viewjob?jk=87ccaedab113d37b
Junior Data Analyst / Entry Level / Bootcamp,CCS Global Tech,"Boston, MA",https://www.indeed.com/viewjob?jk=62743eba37299629
AI Coding Teacher for Children,AiGoLearning,Remote,https://www.indeed.com/viewjob?jk=583640f399df8a20
"Software Engineering, University Graduate, 2021 Start",Google,"Seattle, WA",https://www.indeed.com/viewjob?jk=327fb24a69c3fe8e
Python Developer,Nexient,United States,https://www.indeed.com/viewjob?jk=ef64b51c4bbad9f2
Jr. Data Engineer,SwagUp,Remote,https://www.indeed.com/viewjob?jk=da61620e5dd14efb
Python Developer,MARS Group,Remote,https://www.indeed.com/viewjob?jk=1d78b96142bc54af
Applied Scientist (Sustainability),Descartes Labs,Remote,https://www.indeed.com/viewjob?jk=398ff78866abe65d
Jr. Data Analyst,wpromote,Remote,https://www.indeed.com/viewjob?jk=1aa17ad9a621477d
Python – Regression Testing,Adept Consultants,Remote,https://www.indeed.com/viewjob?jk=1d418cf37d6bf922
GIS Analyst,WeLink,Remote,https://www.indeed.com/viewjob?jk=3c20a9101107afca
"data scientist - Seattle, WA or remote",Starbucks,"Seattle, WA",https://www.indeed.com/viewjob?jk=493fe729f779914b
Python Developer,Calypso Way,Remote,https://www.indeed.com/viewjob?jk=0a0735aecb201976
Quality Assurance Engineer I - HBO Max,HBO,"Seattle, WA",https://www.indeed.com/viewjob?jk=f6e50e0d60f4c873
"Applications Instructor - MS Office, SQL, Tableau, Python (NYC or Remote)",Noble Desktop,Remote,https://www.indeed.com/viewjob?jk=11a598e393aadb68
Coding Tutor,Stemperts,Remote,https://www.indeed.com/viewjob?jk=5b812892c436d427
"Backend Engineer, Content Ecosystem",TikTok,"Seattle, WA",https://www.indeed.com/viewjob?jk=ffbc1e1ab59e1b0e
Python/Django Developer,Swift Technologies Inc,Remote,https://www.indeed.com/viewjob?jk=30b01a70292244cd
Software Engineer I/II,Microsoft,"Redmond, WA",https://www.indeed.com/viewjob?jk=80caff20d0afeb33
Jr Python Developer,CSC Generation,United States,https://www.indeed.com/viewjob?jk=3b344469db5ef9c4
Analyst,"The Cadmus Group, Inc.","Portland, OR",https://www.indeed.com/viewjob?jk=e843bad29a944b10
"Data Scientist, Podcasts",Spotify,"New York, NY",https://www.indeed.com/viewjob?jk=b2b4380a87f894f3
"Software Engineer, TikTok Backend",TikTok,"Mountain View, CA",https://www.indeed.com/viewjob?jk=a8cb816f7fb21281
Python Developer,Sparcinfo LLC,Remote,https://www.indeed.com/viewjob?jk=b5634d1ac28d14b3
Full Time Opportunities for PhD Students or Recent Graduates: Data & Applied Sciences,Microsoft,"Redmond, WA",https://www.indeed.com/viewjob?jk=97ba8c5ac004f4e4
Data Scientist - Remote,Aron Innovative,Remote,https://www.indeed.com/viewjob?jk=a09b6095b4c91e4b
Golang/Python Developer - Product,"Get It, LLC",Remote,https://www.indeed.com/viewjob?jk=9fb3980660917907
Support Opportunities,RStudio,"Seattle, WA",https://www.indeed.com/viewjob?jk=2c26339484d5141f
Data Scientist,George Fox University - Staff and Administrator,"Newberg, OR",https://www.indeed.com/viewjob?jk=92fd66cbc12ccf3e
Python Developer,Precision Technologies Corp,"New York, NY",https://www.indeed.com/viewjob?jk=7f10a01dd4bb6598
Data Engineer/ Entry-Level,CCS Global Tech,"New Brunswick, NJ",https://www.indeed.com/viewjob?jk=c9db0584b4d6f639
"Junior Data Analyst, Data & Analytics","LockerDome, Inc.",Remote,https://www.indeed.com/viewjob?jk=2ff091660ad49158
Python Developer,ITTrail Blazers,"Salem, OR",https://www.indeed.com/viewjob?jk=a3c5a66e3a1d9e4d
Data Analyst,Upwork,Remote,https://www.indeed.com/viewjob?jk=903396ca2d40cdb2
Physical Science Research Professional,Stanford University,"Stanford, CA",https://www.indeed.com/viewjob?jk=8807428f0be259d7
Python Developer,Akidev Corporation,Remote,https://www.indeed.com/viewjob?jk=561d92d2dd0b0fc2
Python Developer,Outliant,"Texas City, TX",https://www.indeed.com/viewjob?jk=3ae2c5ce818ebc0f
Python Engineer,ANMsoft Technology Pvt Ltd,Remote,https://www.indeed.com/viewjob?jk=00c8ce6010a377c1
Python Developer,Ness Technologies,Remote,https://www.indeed.com/viewjob?jk=b96ad16e49929826
"Data Analyst, Applied ML","LockerDome, Inc.",Remote,https://www.indeed.com/viewjob?jk=2f052cb9dd3bfd94
Data Center Technician,Google,"New Albany, OH",https://www.indeed.com/viewjob?jk=fc45034a3371b1c8
Software Developer Engineer I,Expedia.com,"Seattle, WA",https://www.indeed.com/viewjob?jk=e5387e7c7792f5a8
Jr Python Backend Developer,Satellogic,Oregon,https://www.indeed.com/viewjob?jk=05aa88a88d7a9efb
"Junior Analyst, Sports Analytics",Octagon,"Stamford, CT",https://www.indeed.com/viewjob?jk=1ab5b3a9269b3e80
Staff Machine Learning Engineer ( Python ) - Remote USA,"FireEye, Inc.","Austin, TX",https://www.indeed.com/viewjob?jk=b5f3d15bdcee7ec5
"Junior Data Scientist, ML R&D","LockerDome, Inc.",Remote,https://www.indeed.com/viewjob?jk=f520fca7843c3c7c
Python Developer,MHRIT,"Seattle, WA",https://www.indeed.com/viewjob?jk=c1a0cd504c9dd3b8
Python Developer,Shuup,Remote,https://www.indeed.com/viewjob?jk=52d5762bc4f2e29b
Backend Software Engineer,"Jeli, Inc",Remote,https://www.indeed.com/viewjob?jk=7454c8d37c1c1a4d
Data Mentor (Part Time),Pathrise,Remote,https://www.indeed.com/viewjob?jk=1ca4abef538dab27
Coding Summer Camps Instructor!,Coding with Kids,"Seattle, WA",https://www.indeed.com/viewjob?jk=43ee878656813ef0
Jr. Software Developer,Amazon.com Services LLC,"New York, NY",https://www.indeed.com/viewjob?jk=f76853ee3a94155d
Coding teacher for younger kids (the U.S. only),YoumeCan Education Center,Remote,https://www.indeed.com/viewjob?jk=9deddba2f4340e0b
PYTHON DEVELOPER,Pythonwise,"Seattle, WA",https://www.indeed.com/viewjob?jk=1a20a1c56fb7df73
Assistant Research Technician,California Institute of Technology,"Pasadena, CA",https://www.indeed.com/viewjob?jk=c264ca98d4027f75
"Scratch, Blogging, Roblox Teacher (remote) Kids ages 9-12",Choreography by Rae,Remote,https://www.indeed.com/viewjob?jk=afc8563f8b785740
Analysis Engineer,Tesla,"Palo Alto, CA",https://www.indeed.com/viewjob?jk=33f439713dae5cfb
Python API Developer,Star Technology Solutions Inc,Remote,https://www.indeed.com/viewjob?jk=fb461d5c89164e3e
Python & Django,Launch Potato,Florida,https://www.indeed.com/viewjob?jk=eed0b5a7daa1ac2d
Jr Software Developer,Frogslayer,"College Station, TX",https://www.indeed.com/viewjob?jk=e7663dc877884bd3
Analyst,"The Cadmus Group, Inc.","Portland, OR",https://www.indeed.com/viewjob?jk=f1ad78eb7bd9ad04
Python Developer,CalypsoWay,"Boulder, CO",https://www.indeed.com/viewjob?jk=4f33f0519041fe04
Software Development Engineer,Amazon.com Services LLC,"Boston, MA",https://www.indeed.com/viewjob?jk=709a306ca31f6bb4
"Data Scientist - Instagram, Well-Being - Foundation",Facebook,Remote,https://www.indeed.com/viewjob?jk=634d81deedd13456
Associate Software Development Analyst,Northrop Grumman,"Helena, MT",https://www.indeed.com/viewjob?jk=b859133f0db32001
Python Developer,Highbrow-Tech,"Bellevue, WA",https://www.indeed.com/viewjob?jk=70912d7ae92ee088
Research Assistant,Brown University,"Providence, RI",https://www.indeed.com/viewjob?jk=a5cf6769daaef7e1
"Research Scientist, Project Starline",Google,"Seattle, WA",https://www.indeed.com/viewjob?jk=bfaf0c01656c58bf
Data Scientist (Analyst),Edge & Node,Remote,https://www.indeed.com/viewjob?jk=b6d48aed188e26f5
Junior DevOps Engineer (Immediate Interviews),V Projects,Remote,https://www.indeed.com/viewjob?jk=346c9fee30fe9b1d
Python Developer,Precision Technologies Corp.,United States,https://www.indeed.com/viewjob?jk=c65441047e41e171
Engineer I-Software,Microchip Careers,"San Jose, CA",https://www.indeed.com/viewjob?jk=e56cb4f1a8ecc261
Python Developer,FGS IT SOLUTIONS,Remote,https://www.indeed.com/viewjob?jk=f4a2128654328679
Applied Biomechanics Researcher,Apple,"Santa Clara Valley, CA",https://www.indeed.com/viewjob?jk=042510ff0d38e7dc
Research Analyst,Warner Music Group,"Nashville, TN",https://www.indeed.com/viewjob?jk=815f4745ec2b7df7
Workforce Optimization Developer,Facebook,Remote,https://www.indeed.com/viewjob?jk=db6d9ee6ee63d688
Python Developer,3GS LLC,Remote,https://www.indeed.com/viewjob?jk=ab02dbdf7248545f
Principal Consultant - Power BI (REMOTE),P3 Adaptive,Remote,https://www.indeed.com/viewjob?jk=fe7106dbe38ad737
Junior Software Engineer DIRECTV,AT&T,"El Segundo, CA",https://www.indeed.com/viewjob?jk=dd3056634961d8a3
Federal - Entry Level Java Developer New Associate,Accenture,"San Antonio, TX",https://www.indeed.com/viewjob?jk=c098f9ff6a8caa57
Software Engineer Early In Career,Splunk,"Seattle, WA",https://www.indeed.com/viewjob?jk=97131eb5566ff342
Data Scientist,SquadMethod,Remote,https://www.indeed.com/viewjob?jk=78bf97396cde706f
Data Engineer - Data Warehouse,Pearson,"Durham, NC",https://www.indeed.com/viewjob?jk=1a320eedc32ec26b
